<?xml version="1.0" encoding="UTF-8"?>
<project-private xmlns="http://www.netbeans.org/ns/project-private/1">
    <editor-bookmarks xmlns="http://www.netbeans.org/ns/editor-bookmarks/2" lastBookmarkId="0"/>
    <open-files xmlns="http://www.netbeans.org/ns/projectui-open-files/2">
        <group>
            <file>file:/C:/Users/fcascante/Documents/NetBeansProjects/SistemaSuministros-Imagenes/SistemaSuministros-Imagenes/SistemaSuministros-Materiales%20-%20Update%20request/src/Connector/DAO.java</file>
            <file>file:/C:/Users/fcascante/Documents/NetBeansProjects/SistemaSuministros-Imagenes/SistemaSuministros-Imagenes/SistemaSuministros-Materiales%20-%20Update%20request/src/Control/Control_solicitudes.java</file>
            <file>file:/C:/Users/fcascante/Documents/NetBeansProjects/SistemaSuministros-Imagenes/SistemaSuministros-Imagenes/SistemaSuministros-Materiales%20-%20Update%20request/src/Aplicacion/Aplicacion.java</file>
            <file>file:/C:/Users/fcascante/Documents/NetBeansProjects/SistemaSuministros-Imagenes/SistemaSuministros-Imagenes/SistemaSuministros-Materiales%20-%20Update%20request/src/Modelo/Modelo_solicitudes.java</file>
            <file>file:/C:/Users/fcascante/Documents/NetBeansProjects/SistemaSuministros-Imagenes/SistemaSuministros-Imagenes/SistemaSuministros-Materiales%20-%20Update%20request/src/Control/Control_registroSuministro.java</file>
        </group>
    </open-files>
</project-private>
